Sequence,Label
TATTGTTCAT
TTCGATGATG
TTTGCGCGCA
TAGACGGTAA
CGTACGACCC
TTAACTTGAA
TCGACCTTCC
TTTACTAACC
GAGTCGAGCA
TAACGGCTCA
TGTTCCCGGC
TATTCTATAG
TGTTTTATAA
CATAAGATCC
CGGGATGACC
CAAACCTTCC
TTAGATTCCC
TACACGAGAA
TTAATAATCT
GGTCCGTCAT
TGATCCCGAG
TAGCCCGTAT
TACTGCCTCA
TGTATCCTAA
GATACCATCA
CGGATCATAA
GGCGCCGTCA
TATCCCTTAA
GAAAGTTCAC
GACGCCATCC
GGCAGCGGCG
GGCCGGATAA
TATCCCCTAA
TATCCCATCT
GACAGGATGA
TCGACCGGGG
GGGGCCCTAA
CTTCTAGTAA
GATACCACCT
CATTCCAAAA
TAGACGATCA
TATACGAGCA
GGGCCCTCCT
TGGAACACCT
GATTGAAAAC
TTATAAGCCA
GTGGCCAGCA
GATCCTATAG
TACATTATAG
CGTCTCAGCA
TACACGAGAC
GTGTCTGTAT
TATACGTTCA
GATTCAATAC
TAGTCTACCC
GTGTCCTGAC
GATACTCTCA
GAGAGAATAA
GAGACAGTCT
TAGACCATTA
TTTACTATAC
CATCCGTTAA
TGGTCTAGAA
TTTGCTATAT
TACACAAGCT
GGCAGGTGCC
TGTCCGATCA
GTGACTCACC
GATCCCTGAG
TAGACAACCC
TTTCGCGTCC
CACAATACCC
GATACCCGCT
GTTTCCTAAT
TTATCTTTCA
GGCCCGTGGA
CTTGAGCACC
CATACCCCAA
TATTGTATAA
TAATCTTCCG
TGGACCATCA
GTTACCCTCT
TTAGTTTGCG
TGGTCTGCAA
CATATCATAA
TGTATCCCAA
TGGCCTTCAC
GACGGCCGCA
CAAGTCCTCT
GGGACCATAG
CAGAACCAAC
GAGTGCGGAA
GATAGCATAC
GCTACCCTAT
GGGCGAGGGA
TATTCCATAT
GTAGATGCGA
GAAACCAGCT
TCCGAGGCAT
GGGTCCGAAA
